month,year,unemp_respondent,unemp_cpsr,unemp_psr,unemp_pcbs,supportHamas,supportFatah,supportOther,supportNone,armedattacks,armedattacks_civilians ,armedattacks_soldiers,armedattacks_settlers,govsup,source_unemployment,source_support,source_armed,source_govsup,question_unemployment,question_support,question_armed,question_govsup,size
January,1994,5.8,NA,NA,NA,14.7,34.9,39.3,11.1,NA,NA,NA,NA,NA,CPRS_1994_Jan_Poll#5,CPRS_1994_Jan_Poll#5,,,unemployment rate of respondents reported in the CMPS polls,"If elections were held today, you would vote for candidates affiliated
with:",,,1607
February,1994,7.9,NA,NA,NA,13.9,41.6,35.1,9.4,NA,NA,NA,NA,NA,CPRS_1994_Feb_Poll#6,CPRS_1994_Feb_Poll#6,,,unemployment rate of respondents reported in the CMPS polls,"If elections were held today, you would vote for candidates affiliated
with:",,,1993
March,1994,6.6,NA,NA,NA,15.6,36.4,37.5,10.5,NA,NA,NA,NA,NA,CPRS_1994_Mar_Poll#7,CPRS_1994_Mar_Poll#7,,,unemployment rate of respondents reported in the CMPS polls,"If elections were held today, you would vote for candidates
affiliated with:",,,1978
April,1994,6.7,NA,NA,NA,15.9,37.8,33.8,12.5,NA,NA,NA,NA,NA,CPRS_1994_Apr_Poll#8,CPRS_1994_Apr_Poll#8,,,unemployment rate of respondents reported in the CMPS polls,"If elections were held today, you would vote for candidates
affiliated with:",,,2006
May,1994,8.7,NA,NA,NA,12.3,44.4,32.2,11.1,NA,NA,NA,NA,NA,CPRS_1994_May_Poll#9,CPRS_1994_May_Poll#9,,,unemployment rate of respondents reported in the CMPS polls,"If elections were held today, you would vote for candidates
affiliated with:",,,1974
June,1994,7.7,NA,NA,NA,13.7,41.7,28.1,14.8,NA,NA,NA,NA,NA,CPRS_1994_June_Poll#10,CPRS_1994_June_Poll#10,,,unemployment rate of respondents reported in the CMPS polls,"If elections were held today, you would vote for candidates
affiliated with:",,,1974
July,1994,NA,NA,NA,NA,NA,NA,NA,NA,NA,NA,NA,NA,NA,,,,,,,,,NA
August,1994,8.4,NA,NA,NA,13.9,39,26.1,14.7,NA,NA,NA,NA,NA,CPRS_1994_Aug_Poll#11,CPRS_1994_Aug_Poll#11,,,unemployment rate of respondents reported in the CMPS polls,"If elections were held today, you would vote for candidates
affiliated with:",,,1562
September,1994,NA,NA,NA,NA,10.1,42.8,34,13.1,NA,NA,NA,NA,30.9,CPRS_1994_Sep_Poll#12,CPRS_1994_Sep_Poll#12,,CPRS_1994_Sep_Poll#12,,"If elections were held today, you would vote for candidates
affiliated with:",,"With regard to the performance of the Palestinian National Authority,
four months after its establishment
: I am satisfied with it ",1251
October,1994,NA,NA,NA,NA,NA,NA,NA,NA,NA,NA,NA,NA,NA,,,,,,,,,NA
November,1994,16.8,NA,NA,NA,17.4,42.3,26.7,13.6,33.3,NA,NA,NA,NA,CPRS_1994_Nov_Poll#13,CPRS_1994_Nov_Poll#13,,,unemployment rate of respondents reported in the CMPS polls,"If elections were held today, you would vote for candidates
affiliated with:","With regard to the carrying out of armed operations against Israeli
targets in the West Bank and Israel (outside the autonomous areas) by
Palestinian groups,
:  I support these operations ",,1076
December,1994,11.3,30.5,NA,NA,16.6,43.1,28.6,11.7,NA,NA,NA,NA,31.4,CPRS_1994_Dec_Poll#14,CPRS_1994_Dec_Poll#14,,CPRS_1994_Dec_Poll#14,unemployment rate of respondents reported in the CMPS polls AND estimated by pollers,"If elections were held today, you would vote for candidates
affiliated with:",," What is your evaluation of the performance of the Palestinian National
Authority?
: Excellent +  Good
",1082
January,1995,NA,NA,NA,NA,NA,NA,NA,NA,NA,NA,NA,NA,NA,,,,,,,,,NA
February,1995,NA,51,NA,NA,14.4,49.5,23.6,12.5,46,NA,NA,NA,NA,CPRS_1995_Feb_Poll#15,CPRS_1995_Feb_Poll#16,,,Estimated by Pollster,"If elections were held today, you would vote for candidates
affiliated with:"," With regard to armed attacks against Israeli targets, I...
: Support them",,1089
March,1995,NA,38,NA,NA,12.4,49.5,25.1,13,32.5,NA,NA,NA,37.2,CPRS_1995_Mar_Poll#16,CPRS_1995_Mar_Poll#16,,CPRS_1995_Mar_Poll#16,Estimated by Pollster,"If elections were held today, you would vote for candidates
affiliated with:","With regard to armed attacks against Israeli targets, I...","What is your evaluation of the performance of the Palestinian National
Authority?
: Excellent + Good",1296
April,1995,NA,NA,NA,NA,NA,NA,NA,NA,NA,NA,NA,NA,NA,,,,,,,,,NA
May,1995,NA,36,NA,NA,12.3,49.2,24.8,13.6,NA,NA,NA,NA,NA,CPRS_1995_May_Poll#17,CPRS_1995_May_Poll#17,,,,"If elections were held today, you would vote for candidates
affiliated with:",,,1271
June,1995,NA,NA,NA,NA,NA,NA,NA,NA,NA,NA,NA,NA,NA,,,,,,,,,NA
July,1995,NA,29,NA,NA,13.1,43.6,24.4,18.6,NA,NA,NA,NA,NA,CPRS_1995_JULY_Poll#18,CPRS_1995_JULY_Poll#18,,,,"If elections were held today, you would vote for candidates
affiliated with:",,,1109
August,1995,10.9,NA,NA,NA,16.6,43.2,25,15.2,NA,18.3,67.6,69.2,38.6,CPRS_1995_Aug and Sep_Poll#19,CPRS_1995_Aug and Sep_Poll#19,CPRS_1995_Aug and Sep_Poll#19,CPRS_1995_Aug and Sep_Poll#19,unemployment rate of respondents reported in the CMPS polls, Which of the following factions do you support: ,"Note: only soldier, civilian, settler"," What is your evaluation of the performance of the Palestinian National
Authority? 
: Excellent + Good",1190
September,1995,NA,NA,NA,NA,NA,NA,NA,NA,NA,NA,NA,NA,NA,,,,,,,,,NA
October,1995,NA,NA,NA,NA,13,52.5,19.5,15,NA,NA,NA,NA,NA,CPRS_1995_Oct_Poll#20,CPRS_1995_Oct_Poll#20,,,," If general political elections were held and I decided to participate,
I would vote for...",,,1144
November,1995,NA,NA,NA,NA,NA,NA,NA,NA,NA,NA,NA,NA,NA,,,,,,,,,NA
December,1995,NA,29,NA,NA,9.7,55.3,17.9,13.8,NA,NA,NA,NA,NA,CPRS_1995_Dec_Poll#21,CPRS_1995_Dec_Poll#21,,,,"If elections were held today, you would vote for candidates
affiliated with:",,,1168
January,1996,NA,NA,NA,NA,NA,NA,NA,NA,NA,NA,NA,NA,NA,,,,,,,,,NA
February,1996,NA,NA,NA,NA,NA,NA,NA,NA,NA,NA,NA,NA,NA,,,,,,,,,NA
March,1996,NA,49,NA,NA,5.8,47.5,21.8,25,21.1,NA,NA,NA,NA,CPRS_1996_Mar_Poll#22,CPRS_1996_Mar_Poll#22,CPRS_1996_Mar_Poll#22,,, Which of the following political movements do you support: ," Lately, armed attacks have taken place against Israelis in Jerusalem,
Tel Aviv and Ashkelon. Do you support such attacks?
: yes",,1262
April,1996,NA,NA,NA,NA,NA,NA,NA,NA,NA,NA,NA,NA,NA,,,,,,,,,NA
May,1996,NA,NA,NA,NA,NA,NA,NA,NA,NA,NA,NA,NA,NA,,,,,,,,,NA
June,1996,NA,37,NA,NA,7.8,43.3,20.9,28.1,NA,NA,NA,NA,NA,CPRS_1996_June_Poll#23,CPRS_1996_June_Poll#23,,,,Which of the following political trends do you support?,,,1382
July,1996,NA,NA,NA,NA,NA,NA,NA,NA,NA,NA,NA,NA,NA,,,,,,,,,NA
August,1996,NA,NA,NA,NA,NA,NA,NA,NA,NA,NA,NA,NA,NA,,,,,,,,,NA
September,1996,NA,38,NA,NA,8.1,43.6,22.4,25.9,NA,NA,NA,NA,62.6,CPRS_1996_Sep_Poll#24,CPRS_1996_Sep_Poll#24,,CPRS_1996_Sep_Poll#24,, Which political party do you support?,,"Generally, how do you evaluate the performance of the Palestinian government (the
Cabinet)?
: Very good+good",1233
October,1996,NA,NA,NA,NA,NA,NA,NA,NA,NA,NA,NA,NA,NA,,,,,,,,,NA
November,1996,NA,NA,NA,NA,NA,NA,NA,NA,NA,NA,NA,NA,NA,,,,,,,,,NA
December,1996,NA,31,NA,NA,NA,NA,NA,NA,39,NA,NA,NA,62,CPRS_1996_Dec_Poll#25,,CPRS_1996_Dec_Poll#25,CPRS_1996_Dec_Poll#25,,,"With regard to armed attacks against Israeli targets, I...","Performance of the Palestinian Government
: very good+good",1307
January,1997,NA,NA,NA,NA,NA,NA,NA,NA,NA,NA,NA,NA,NA,,,,,,,,,NA
February,1997,NA,NA,NA,NA,NA,NA,NA,NA,NA,NA,NA,NA,NA,,,,,,,,,NA
March,1997,NA,35,NA,NA,8.6,45.8,16.3,29.3,38.1,NA,NA,NA,NA,CPRS_1997_Mar_Poll#26,CPRS_1997_Mar_Poll#26,CPRS_1997_Mar_Poll#26,,, Which political party do you support?,"With regard to armed attacks against Israeli targets, I...
: Support",,1549
April,1997,NA,36,NA,NA,10.3,41.3,18.1,29.3,NA,NA,NA,NA,58.7,CPRS_1997_Apr_Poll#27,CPRS_1997_Apr_Poll#27,,CPRS_1997_Apr_Poll#27,,Which political party do you support?,,"Generally, how do you evaluate the performance of the Palestinian government (the Executive
Cabinet)? : Very good + good",1334
May,1997,NA,NA,NA,NA,NA,NA,NA,NA,NA,NA,NA,NA,NA,,,,,,,,,NA
June,1997,NA,23,NA,NA,8,40.9,15.7,35.6,NA,NA,NA,NA,53,CPRS_1997_June_Poll#28,CPRS_1997_June_Poll#28,,CPRS_1997_June_Poll#28,,Which political party do you support?,," Generally, how do you evaluate the performance of the Palestinain Executive Authority (the
Cabinet) : Very good + good",1317
July,1997,NA,NA,NA,NA,NA,NA,NA,NA,NA,NA,NA,NA,NA,,,,,,,,,NA
August,1997,NA,NA,NA,NA,NA,NA,NA,NA,NA,NA,NA,NA,NA,,,,,,,,,NA
September,1997,NA,32,NA,NA,9.3,36.9,18.4,35.3,35.5,NA,NA,NA,56.1,CPRS_1997_Sep_Poll#29,CPRS_1997_Sep_Poll#29,CPRS_1997_Sep_Poll#29,CPRS_1997_Sep_Poll#29,,Which political party do you support?,Several suicide attacks against Israelis took place in West Jerusalem during the past few weeks. Do you support or oppose these attacks?: Support," Generally, how do you evaluate the performance of the Palestinain Executive Authority (the
Cabinet) : Very good + good",1320
October,1997,NA,NA,NA,NA,NA,NA,NA,NA,NA,NA,NA,NA,NA,,,,,,,,,NA
November,1997,NA,27,NA,NA,11.9,43,19.3,25.9,NA,NA,NA,NA,NA,CPRS_1997_Nov_Poll#30,CPRS_1997_Nov_Poll#30,,,,Which of the following political trends do you support?,,,1323
December,1997,NA,38,NA,NA,11.6,38.5,21.7,28.2,NA,NA,NA,NA,60.5,CPRS_1997_Dec_Poll#31,CPRS_1997_Dec_Poll#31,,CPRS_1997_Dec_Poll#31,,Which of the following political trends do you support?,,"Generally, how do you evaluate the performance of the Palestinian government (the Cabinet)? : Very good + good",1320
January,1998,NA,NA,NA,NA,NA,NA,NA,NA,NA,NA,NA,NA,NA,,,,,,,,,NA
February,1998,NA,NA,NA,NA,NA,NA,NA,NA,NA,NA,NA,NA,NA,,,,,,,,,NA
March,1998,NA,26,NA,NA,9.1,45.6,15.9,29.4,NA,NA,NA,NA,59.4,CPRS_1998_Mar_Poll#32,CPRS_1998_Mar_Poll#32,,CPRS_1998_Mar_Poll#32,,Which of the following political trends do you support?,,"Generally, how do you evaluate the performance of the Palestinian government (the Cabinet)? : Very good + good",1328
April,1998,NA,NA,NA,NA,NA,NA,NA,NA,NA,NA,NA,NA,NA,,,,,,,,,NA
May,1998,NA,NA,NA,NA,NA,NA,NA,NA,NA,NA,NA,NA,NA,,,,,,,,,NA
June,1998,NA,27,NA,NA,12.1,41.6,15.8,30.5,49.7,NA,NA,NA,53,CPRS_1998_June_Poll#33,CPRS_1998_June_Poll#33,CPRS_1998_June_Poll#34,CPRS_1998_June_Poll#33,,Which of the following political parties do you support?,"Concerning the armed attack against Israeli targets, I....
: Support","Generally, how do you evaluate the performance of the Palestinian government (the Cabinet)? : Very good + good",1330
July,1998,NA,NA,NA,NA,NA,NA,NA,NA,NA,NA,NA,NA,NA,,,,,,,,,NA
August,1998,NA,26,NA,NA,12,39,15.8,33.3,43.6,NA,NA,NA,NA,CPRS_1998_Aug_Poll#35,CPRS_1998_Aug_Poll#35,CPRS_1998_Aug_Poll#35,,,Which of the following political parties do you support?,"Concerning the armed attack against Israeli targets, I....
: Support",,1325
September,1998,NA,NA,NA,NA,NA,NA,NA,NA,NA,NA,NA,NA,NA,,,,,,,,,NA
October,1998,NA,29,NA,NA,12.2,37.9,16.7,33.1,50.8,NA,NA,NA,40.9,CPRS_1998_Oct_Poll#36,CPRS_1998_Oct_Poll#36,CPRS_1998_Oct_Poll#36,CPRS_1998_Oct_Poll#36,,Which of the following political parties do you support?,"Concerning the armed attack against Israeli targets, I....
: Support","Generally, how do you evaluate the performance of the Palestinian government (the Cabinet)? : Very good + good",1331
November,1998,NA,24,NA,NA,10.9,39.8,17.8,31.6,41.2,NA,NA,NA,NA,CPRS_1998_Nov_Poll#37,CPRS_1998_Nov_Poll#37,CPRS_1998_Nov_Poll#37,,,Which of the following political parties do you support?,"Concerning the armed attack against Israeli targets, I....
: Support",,1321
December,1998,NA,NA,NA,NA,NA,NA,NA,NA,NA,NA,NA,NA,NA,,,,,,,,,NA
January,1999,NA,24,NA,NA,11.2,40.2,16.7,31.9,52.7,NA,NA,NA,48.6,CPRS_1999_Jan_Poll#38,CPRS_1999_Jan_Poll#38,CPRS_1999_Jan_Poll#38,CPRS_1999_Jan_Poll#38,,Which of the following political parties do you support?,"Concerning the armed attack against Israeli targets, I....
: Support","Generally, how do you evaluate the performance of the Palestinian government (the Cabinet)? : Very good + good",NA
February,1999,NA,NA,NA,NA,NA,NA,NA,NA,NA,NA,NA,NA,NA,,,,,,,,,NA
March,1999,NA,NA,NA,NA,NA,NA,NA,NA,NA,NA,NA,NA,NA,,,,,,,,,NA
April,1999,NA,20,NA,NA,12.1,39.3,15.5,33.1,44.6,NA,NA,NA,47.3,CPRS_1999_Apr_Poll#40,CPRS_1999_Apr_Poll#40,CPRS_1999_Apr_Poll#40,CPRS_1999_Apr_Poll#40,,,"Concerning the armed attack against Israeli targets, I....
: Support","Generally, how do you evaluate the performance of the Palestinian government (the Cabinet)? : Very good + good",1315
May,1999,NA,NA,NA,NA,NA,NA,NA,NA,NA,NA,NA,NA,NA,,,,,,,,,NA
June,1999,NA,20,NA,NA,10.4,38,18,33.7,44.7,NA,NA,NA,NA,CPRS_1999_june_Poll#41,CPRS_1999_june_Poll#41,CPRS_1999_june_Poll#41,,,Which of the following political parties do you support?,"Concerning the armed attack against Israeli targets, I....
: Support",,1320
July,1999,NA,18,NA,NA,11.2,34.9,18.2,35.8,38.5,NA,NA,NA,47.3,CPRS_1999_July_Poll#42,CPRS_1999_July_Poll#42,CPRS_1999_July_Poll#42,CPRS_1999_July_Poll#42,,Which of the following political parties do you support?,"Concerning the armed attack against Israeli targets, I....
: Support","Generally, how do you evaluate the performance of the Palestinian government (the Cabinet)? : Very good + good",1330
August,1999,NA,NA,NA,NA,NA,NA,NA,NA,NA,NA,NA,NA,NA,,,,,,,,,NA
September,1999,NA,23,NA,NA,10.4,38,17.8,33.8,35.7,NA,NA,NA,NA,CPRS_1999_Sep_Poll#43,CPRS_1999_Sep_Poll#43,CPRS_1999_Sep_Poll#43,,,Which of the following political parties do you support?,"Concerning the armed attack against Israeli targets, I....
: Support",,1320
October,1999,NA,17,NA,NA,9.7,36.6,16.2,37.5,39.5,NA,NA,NA,43.2,CPRS_1999_Oct_Poll#44,CPRS_1999_Oct_Poll#44,CPRS_1999_Oct_Poll#44,CPRS_1999_Oct_Poll#44,,Which of the following political parties do you support?,"Concerning the armed attack against Israeli targets, I....
: Support","Generally, how do you evaluate the performance of the Palestinian government (the Cabinet)? : Very good + good",1316
November,1999,NA,NA,NA,NA,NA,NA,NA,NA,NA,NA,NA,NA,NA,,,,,,,,,NA
December,1999,NA,19,NA,NA,9,37.1,15.4,38.5,35.6,NA,NA,NA,NA,CPRS_1999_Dec_Poll#45,CPRS_1999_Dec_Poll#45,CPRS_1999_Dec_Poll#45,,,Which of the following political parties do you support?,"Concerning the armed attack against Israeli targets, I....
: Support",,1299
January,2000,NA,23,NA,NA,10.2,36.2,18.2,35.2,39.4,NA,NA,NA,44.2,CPRS_2000_Jan_Poll#46,CPRS_2000_Jan_Poll#46,CPRS_2000_Jan_Poll#46,CPRS_2000_Jan_Poll#46,,,"Concerning the armed attack against Israeli targets, I....
: Support","Generally, how do you evaluate the performance of the Palestinian government (the Cabinet)? : Very good + good",NA
February,2000,NA,19,NA,NA,10.2,36.2,18.2,35.2,39.4,NA,NA,NA,NA,CPRS_2000_Feb_Poll#47,CPRS_2000_Feb_Poll#47,CPRS_2000_Feb_Poll#47,,,Which of the following political parties do you support?,"Concerning the armed attack against Israeli targets, I....
: Support",,1318
March,2000,NA,17,NA,NA,12.9,35,15.5,36.7,44,NA,NA,NA,NA,CPRS_2000_Mar_Poll#48,CPRS_2000_Mar_Poll#48,CPRS_2000_Mar_Poll#48,,,Which of the following political parties do you support?,"Concerning the armed attack against Israeli targets, I....
: Support",,NA
April,2000,NA,NA,NA,NA,NA,NA,NA,NA,NA,NA,NA,NA,NA,,,,,,,,,NA
May,2000,NA,NA,NA,NA,NA,NA,NA,NA,NA,NA,NA,NA,NA,,,,,,,,,NA
June,2000,NA,NA,NA,NA,NA,NA,NA,NA,NA,NA,NA,NA,NA,,,,,,,,,NA
July,2000,NA,NA,NA,10,10.3,36.5,18.5,34.8,51.6,NA,NA,NA,NA,"labour force survey_ILO standards (quarter3, 2000)",PSR_2000_July_Poll#1,,,,Which of the following political parties do you support?,"Concerning the armed attack against Israeli targets, I....
: Support",,1259
August,2000,NA,NA,NA,NA,NA,NA,NA,NA,NA,NA,NA,NA,NA,,,,,,,,,NA
September,2000,NA,NA,NA,NA,NA,NA,NA,NA,NA,NA,NA,NA,NA,,,,,,,,,NA
October,2000,NA,NA,NA,28.3,NA,NA,NA,NA,NA,NA,NA,NA,NA,"labour force survey_ILO standards (quarter4, 2000)",,,,,,,,NA
November,2000,NA,NA,NA,NA,NA,NA,NA,NA,NA,NA,NA,NA,NA,,,,,,,,,NA
December,2000,NA,NA,NA,NA,NA,NA,NA,NA,NA,NA,NA,NA,NA,,,,,,,,,NA
January,2001,NA,NA,NA,NA,NA,NA,NA,NA,NA,NA,NA,NA,NA,,,,,,,,,NA
February,2001,NA,NA,NA,NA,NA,NA,NA,NA,NA,NA,NA,NA,NA,,,,,,,,,NA
March,2001,NA,NA,NA,NA,NA,NA,NA,NA,NA,NA,NA,NA,NA,,,,,,,,,NA
April,2001,NA,NA,NA,NA,NA,NA,NA,NA,NA,NA,NA,NA,NA,,,,,,,,,NA
May,2001,NA,NA,NA,NA,NA,NA,NA,NA,NA,NA,NA,NA,NA,,,,,,,,,NA
June,2001,NA,NA,NA,NA,NA,NA,NA,NA,NA,NA,NA,NA,NA,,,,,,,,,NA
July,2001,NA,NA,NA,NA,16.7,28.5,26.3,28.5,85.9,58.1,91.7,NA,NA,,PSR_2000_July_Poll#2,PSR_2000_July_Poll#2,,,Which of the following political parties do you support?,"Concerning the armed attack against Israeli targets, I....
: Strongly Support (Support)",,1318
August,2001,NA,NA,NA,NA,NA,NA,NA,NA,NA,NA,NA,NA,NA,,,,,,,,,NA
September,2001,NA,NA,NA,NA,NA,NA,NA,NA,NA,NA,NA,NA,NA,,,,,,,,,NA
October,2001,NA,NA,NA,NA,NA,NA,NA,NA,NA,NA,NA,NA,NA,,,,,,,,,NA
November,2001,NA,NA,NA,NA,NA,NA,NA,NA,NA,NA,NA,NA,NA,,,,,,,,,NA
December,2001,NA,NA,NA,NA,16,28.4,24.1,31.6,81.8,58.2,92.3,92.1,NA,,PSR_2001_Dec_Poll#3,PSR_2001_Dec_Poll#3,,,Which of the following political parties do you support?,"Concerning the armed attack against Israeli targets, I....
: Strongly Support +Support",,1357
January,2002,NA,NA,NA,28.9,NA,NA,NA,NA,NA,NA,NA,NA,NA,"labour force survey_ILO standards (quarter1, 2002)",,,,,,,,NA
February,2002,NA,NA,NA,NA,NA,NA,NA,NA,NA,NA,NA,NA,NA,,,,,,,,,NA
March,2002,NA,NA,NA,NA,NA,NA,NA,NA,NA,NA,NA,NA,NA,,,,,,,,,NA
April,2002,NA,NA,NA,33.6,NA,NA,NA,NA,NA,NA,NA,NA,NA,"labour force survey_ILO standards (quarter2, 2002)",,,,,,,,NA
May,2002,NA,NA,NA,NA,15.5,31.7,23.5,29.4,NA,58.2,92.3,92.1,NA,,PSR_2002_May_Poll#4,PSR_2002_May_Poll#4,,,Which of the following political parties do you support?,"Note: only soldier, civilian, settler
: strongly support (support)",,1317
June,2002,NA,NA,NA,NA,NA,NA,NA,NA,NA,NA,NA,NA,NA,,,,,,,,,NA
July,2002,NA,NA,NA,35.6,NA,NA,NA,NA,NA,NA,NA,NA,NA,"labour force survey_ILO standards (quarter3, 2002)",,,,,,,,NA
August,2002,NA,NA,NA,NA,19.8,25.6,21.9,32.7,NA,52.3,91.8,91.2,NA,,PSR_2002_Aug_Poll#5,PSR_2002_Aug_Poll#5,,,Which of the following political parties do you support?,"Note: only soldier, civilian, settler",,1320
September,2002,NA,NA,NA,NA,NA,NA,NA,NA,NA,NA,NA,NA,NA,,,,,,,,,NA
October,2002,NA,NA,NA,27.3,NA,NA,NA,NA,NA,NA,NA,NA,NA,"labour force survey_ILO standards (quarter4, 2002)",,,,,,,,NA
November,2002,NA,NA,NA,NA,16.6,26.7,22.4,34.3,NA,53.2,91,89.1,NA,,PSR_2002_Nov_Poll#6,PSR_2002_Nov_Poll#6,,,Which of the following political parties do you support?,"Note: only soldier, civilian, settler",,1319
December,2002,NA,NA,NA,NA,NA,NA,NA,NA,NA,NA,NA,NA,NA,,,,,,,,,NA
January,2003,NA,NA,NA,30.3,NA,NA,NA,NA,NA,NA,NA,NA,NA,"labour force survey_ILO standards (quarter1, 2003)",,,,,,,,NA
February,2003,NA,NA,NA,NA,NA,NA,NA,NA,NA,NA,NA,NA,NA,,,,,,,,,NA
March,2003,NA,NA,NA,NA,NA,NA,NA,NA,NA,NA,NA,NA,NA,,,,,,,,,NA
April,2003,NA,NA,NA,24.3,17.4,25.8,23.3,33.4,NA,57.3,92.8,91.2,NA,"labour force survey_ILO standards (quarter2, 2003)",PSR_2003_Apr_Poll#7,PSR_2003_Apr_Poll#7,,,Which of the following political parties do you support?,"Note: only soldier, civilian, settler",,1315
May,2003,NA,NA,NA,NA,NA,NA,NA,NA,NA,NA,NA,NA,NA,,,,,,,,,NA
June,2003,NA,NA,NA,NA,22.2,25.6,20.6,31.6,NA,NA,NA,NA,27.4,,PSR_2003_June_Poll#8,,PSR_2003_June_Poll#8,,Which of the following political parties do you support?,,"Generally, how do you evaluate the performance of the Palestinian government (the Cabinet)? : Very good + good",1318
July,2003,NA,NA,NA,23.6,NA,NA,NA,NA,NA,NA,NA,NA,NA,"labour force survey_ILO standards (quarter3, 2003)",,,,,,,,NA
August,2003,NA,NA,NA,NA,NA,NA,NA,NA,NA,NA,NA,NA,NA,,,,,,,,,NA
September,2003,NA,NA,NA,NA,NA,NA,NA,NA,NA,NA,NA,NA,NA,,,,,,,,,NA
October,2003,NA,NA,NA,24.3,20.9,28.4,17.8,32.9,NA,54.4,90.1,89.3,NA,"labour force survey_ILO standards (quarter4, 2003)",PSR_2003_Oct_Poll#9,PSR_2003_Oct_Poll#9,,,Which of the following political parties do you support?,"Note: only soldier, civilian, settler",,1318
November,2003,NA,NA,NA,NA,NA,NA,NA,NA,NA,NA,NA,NA,NA,,,,,,,,,NA
December,2003,NA,NA,NA,NA,20.1,25.3,20.7,34,NA,47.5,86.9,86.2,NA,,PSR_2003_Dec_Poll#10,PSR_2003_Dec_Poll#10,,,Which of the following political parties do you support?,"Note: only soldier, civilian, settler",,1319
January,2004,NA,NA,NA,26.3,NA,NA,NA,NA,NA,NA,NA,NA,NA,"labour force survey_ILO standards (quarter1, 2004)",,,,,,,,NA
February,2004,NA,NA,NA,NA,NA,NA,NA,NA,NA,NA,NA,NA,NA,,,,,,,,,NA
March,2004,NA,NA,NA,NA,20.3,26.6,19.4,33.8,NA,53.1,87.4,85.8,NA,,PSR_2004_Mar_Poll#11,PSR_2004_Mar_Poll#11,,,Which of the following political parties do you support?,"Note: only soldier, civilian, settler",,1320
April,2004,NA,NA,NA,28.6,NA,NA,NA,NA,NA,NA,NA,NA,NA,"labour force survey_ILO standards (quarter2, 2004)",,,,,,,,NA
May,2004,NA,NA,NA,NA,NA,NA,NA,NA,NA,NA,NA,NA,NA,,,,,,,,,NA
June,2004,NA,NA,NA,NA,24,27.5,22.8,25.8,NA,50.1,86,82.8,NA,,PSR_2004_June_Poll#12,PSR_2004_June_Poll#12,,,Which of the following political parties do you support?,"Note: only soldier, civilian, settler",,1320
July,2004,NA,NA,NA,26.8,NA,NA,NA,NA,NA,NA,NA,NA,NA,"labour force survey_ILO standards (quarter3, 2004)",,,,,,,,NA
August,2004,NA,NA,NA,NA,NA,NA,NA,NA,NA,NA,NA,NA,NA,,,,,,,,,NA
September,2004,NA,NA,NA,NA,22,28.7,20.6,28.7,NA,53.8,92.2,90.1,32.7,,PSR_2004_Sep_Poll#13,PSR_2004_Sep_Poll#13,PSR_2004_Sep_Poll#13,,Which of the following political parties do you support?,"Note: only soldier, civilian, settler","Generally, how do you evaluate the performance of the Palestinian government (the Cabinet)? : Very good + good",1319
October,2004,NA,NA,NA,25.7,NA,NA,NA,NA,NA,NA,NA,NA,NA,"labour force survey_ILO standards (quarter4, 2004)",,,,,,,,NA
November,2004,NA,NA,NA,NA,NA,NA,NA,NA,NA,NA,NA,NA,NA,,,,,,,,,NA
December,2004,NA,NA,NA,NA,17.6,40.2,16.9,25.4,NA,49.4,84,83.1,NA,,PSR_2004_Dec_Poll#14,PSR_2004_Dec_Poll#14,,,Which of the following political parties do you support?,"Note: only soldier, civilian, settler",,1319
January,2005,NA,NA,NA,26.3,NA,NA,NA,NA,NA,NA,NA,NA,NA,"labour force survey_ILO standars (quarter1, 2005)",,,,,,,,NA
February,2005,NA,NA,NA,NA,NA,NA,NA,NA,NA,NA,NA,NA,NA,,,,,,,,,NA
March,2005,NA,NA,NA,NA,25.1,35.5,18.3,21,NA,37.5,NA,NA,NA,,PSR_2005_Mar_Poll#15,PSR_2005_Mar_Poll#15,,,Which of the following political parties do you support?,Note: civilian only,,1319
April,2005,NA,NA,NA,21.2,NA,NA,NA,NA,NA,NA,NA,NA,NA,"labour force survey_ILO standars (quarter2, 2005)",,,,,,,,NA
May,2005,NA,NA,NA,NA,NA,NA,NA,NA,NA,NA,NA,NA,NA,,,,,,,,,NA
June,2005,NA,NA,NA,NA,30.1,41.2,13.9,14.9,,46.3,NA,NA,40.4,,PSR_2005_June_Poll#16,PSR_2005_June_Poll#16,,,Which of the following political parties do you support?,Note: civilian only,"Generally, how do you evaluate the performance of the Palestinian government (the Cabinet)? : Very good + good",1320
July,2005,NA,NA,NA,22.7,NA,NA,NA,NA,NA,NA,NA,NA,NA,"labour force survey_ILO standars (quarter3, 2005)",,,,,,,,NA
August,2005,NA,NA,NA,NA,NA,NA,NA,NA,NA,NA,NA,NA,NA,,,,,,,,,NA
September,2005,NA,NA,NA,NA,27.3,38.5,17.5,16.6,NA,37.8,NA,NA,NA,,PSR_2005_Sep_Poll#17,PSR_2005_Sep_Poll#17,,,Which of the following political parties do you support?,Note: civilian only,,1368
October,2005,NA,NA,NA,23.8,NA,NA,NA,NA,NA,NA,NA,NA,NA,"labour force survey_ILO standars (quarter4, 2005)",,,,,,,,NA
November,2005,NA,NA,NA,NA,NA,NA,NA,NA,NA,NA,NA,NA,NA,,,,,,,,,NA
December,2005,NA,NA,NA,NA,27.7,45,14.5,12.7,35.8,39.7,NA,NA,NA,,PSR_2005_Dec_Poll#18,PSR_2005_Dec_Poll#18,,,Which of the following political parties do you support?,"Now, that the Israeli withdrawal from the Gaza Strip has been completed, do you support or oppose continuation of armed attacks from the Gaza Strip against Israeli targets?: Strongly support (support)",,1316
January,2006,NA,NA,NA,25.3,NA,NA,NA,NA,NA,NA,NA,NA,NA,"labour force survey_ILO standars (quarter1, 2006)",,,,,,,,NA
February,2006,NA,NA,NA,NA,NA,NA,NA,NA,NA,NA,NA,NA,NA,,,,,,,,,NA
March,2006,NA,NA,NA,NA,36.7,34.4,14.6,14.4,NA,52.4,NA,NA,NA,,PSR_2006_Mar_Poll#19,PSR_2006_Mar_Poll#19,,,Which of the following political parties do you support?,Note: civilian only,,1270
April,2006,NA,NA,NA,22.9,NA,NA,NA,NA,NA,NA,NA,NA,NA,"labour force survey_ILO standars (quarter2, 2006)",,,,,,,,NA
May,2006,NA,NA,NA,NA,NA,NA,NA,NA,NA,NA,NA,NA,NA,,,,,,,,,NA
June,2006,NA,NA,NA,NA,32.9,33.7,12.4,21,NA,56.1,NA,NA,NA,,PSR_2006_June_Poll#20,PSR_2006_June_Poll#20,,,Which of the following political parties do you support?,Note: civilian only,,1270
July,2006,NA,NA,NA,24.2,NA,NA,NA,NA,NA,NA,NA,NA,NA,"labour force survey_ILO standars (quarter3, 2006)",,,,,,,,NA
August,2006,NA,NA,NA,NA,NA,NA,NA,NA,NA,NA,NA,NA,NA,,,,,,,,,NA
September,2006,NA,NA,NA,NA,29,33.2,13.9,23,NA,57.4,NA,NA,40.5,,PSR_2006_Sep_Poll#21,PSR_2006_Sep_Poll#21,PSR_2006_Sep_Poll#21,,Which of the following political parties do you support?,Note: civilian only,"Generally, how do you evaluate the performance of the Palestinian government (the Cabinet)? : Very good + good",1270
October,2006,NA,NA,NA,22,NA,NA,NA,NA,NA,NA,NA,NA,NA,"labour force survey_ILO standars (quarter4, 2006)",,,,,,,,NA
November,2006,NA,NA,NA,NA,NA,NA,NA,NA,NA,NA,NA,NA,NA,,,,,,,,,NA
December,2006,NA,NA,NA,NA,29.3,32.3,16.1,22.4,NA,NA,NA,NA,NA,,PSR_2006_Dec_Poll#22,,,,Which of the following political parties do you support?,,,1270
January,2007,NA,NA,NA,21.6,NA,NA,NA,NA,NA,NA,NA,NA,NA,"labour force survey_ILO standars (quarter1, 2007)",,,,,,,,NA
February,2007,NA,NA,NA,NA,NA,NA,NA,NA,NA,NA,NA,NA,NA,,,,,,,,,NA
March,2007,NA,NA,NA,NA,26.7,29.1,18.2,26.1,NA,NA,NA,NA,NA,,PSR_2007_Mar_Poll#23,,,,Which of the following political parties do you support?,,,1270
April,2007,NA,NA,NA,19.2,NA,NA,NA,NA,NA,NA,NA,NA,NA,"labour force survey_ILO standars (quarter2, 2007)",,,,,,,,NA
May,2007,NA,NA,NA,NA,NA,NA,NA,NA,NA,NA,NA,NA,NA,,,,,,,,,NA
June,2007,NA,NA,NA,NA,21.9,30.4,15.7,31.9,NA,NA,NA,NA,NA,,PSR_2007_June_Poll#24,,,,Which of the following political parties do you support?,,,1270
July,2007,NA,NA,NA,23.2,NA,NA,NA,NA,NA,NA,NA,NA,NA,"labour force survey_ILO standars (quarter3, 2007)",,,,,,,,NA
August,2007,NA,NA,NA,NA,NA,NA,NA,NA,NA,NA,NA,NA,NA,,,,,,,,,NA
September,2007,NA,NA,NA,NA,20.7,35.6,16.4,0.8,NA,NA,NA,NA,44.1,,PSR_2007_Sep_Poll#25,,PSR_2007_Sep_Poll#25,,Which of the following political parties do you support?,,Tell us how do you evaluate the performance of the government headed by Salam Fayyad? Is it good or bad? : Very good + good,1270
October,2007,NA,NA,NA,22.2,NA,NA,NA,NA,NA,NA,NA,NA,NA,"labour force survey_ILO standars (quarter4, 2007)",,,,,,,,NA
November,2007,NA,NA,NA,NA,NA,NA,NA,NA,NA,NA,NA,NA,NA,,,,,,,,,NA
December,2007,NA,NA,NA,NA,20.5,36.2,15.2,28,NA,NA,NA,NA,NA,,PSR_2007_Dec_Poll#26,,,,Which of the following political parties do you support?,,,1270
January,2008,NA,NA,NA,22.6,NA,NA,NA,NA,NA,NA,NA,NA,NA,"labour force survey_ILO standars (quarter1, 2008)",,,,,,,,NA
February,2008,NA,NA,NA,NA,NA,NA,NA,NA,NA,NA,NA,NA,NA,,,,,,,,,NA
March,2008,NA,NA,NA,NA,24.7,30.9,18.4,26.1,NA,66.5,NA,NA,NA,,PSR_2008_Mar_Poll#27,PSR_2008_Mar_Poll#27,,,Which of the following political parties do you support?,Note: civilian only,,1270
April,2008,NA,NA,NA,25.8,NA,NA,NA,NA,NA,NA,NA,NA,NA,"labour force survey_ILO standars (quarter2, 2008)",,,,,,,,NA
May,2008,NA,NA,NA,NA,NA,NA,NA,NA,NA,NA,NA,NA,NA,,,,,,,,,NA
June,2008,NA,NA,NA,NA,21.7,32.3,14.4,31.5,NA,54.8,NA,NA,33.2,,PSR_2008_June_Poll#28,PSR_2008_June_Poll#28,,,Which of the following political parties do you support?,Note: civilian only,Tell us how do you evaluate the performance of the government headed by Salam Fayyad? Is it good or bad? : Very good + good,1270
July,2008,NA,NA,NA,27.5,NA,NA,NA,NA,NA,NA,NA,NA,NA,"labour force survey_ILO standars (quarter3, 2008)",,,,,,,,NA
August,2008,NA,NA,NA,NA,20.4,30.8,14,33.9,NA,NA,NA,NA,33.5,,PSR_2008_Aug_Poll#29,,PSR_2008_Aug_Poll#29,,Which of the following political parties do you support?,,Tell us how do you evaluate the performance of the government headed by Salam Fayyad? Is it good or bad? : Very good + good,1270
September,2008,NA,NA,NA,NA,NA,NA,NA,NA,NA,NA,NA,NA,NA,,,,,,,,,NA
October,2008,NA,NA,NA,27.9,NA,NA,NA,NA,NA,NA,NA,NA,NA,"labour force survey_ILO standars (quarter4, 2008)",,,,,,,,NA
November,2008,NA,NA,NA,NA,NA,NA,NA,NA,NA,NA,NA,NA,NA,,,,,,,,,NA
December,2008,NA,NA,NA,NA,20.4,31.7,14.8,32.9,NA,48.1,NA,NA,34.2,,PSR_2008_Dec_Poll#30,PSR_2008_Dec_Poll#30,PSR_2008_Dec_Poll#30,,Which of the following political parties do you support?,Note: civilian only,Tell us how do you evaluate the performance of the government headed by Salam Fayyad? Is it good or bad? : Very good + good,1270
January,2009,NA,NA,NA,25.4,NA,NA,NA,NA,NA,NA,NA,NA,NA,"labour force survey_ILO standars (quarter1, 2009)",,,,,,,,NA
February,2009,NA,NA,NA,NA,NA,NA,NA,NA,NA,NA,NA,NA,NA,,,,,,,,,NA
March,2009,NA,NA,NA,NA,23,30.8,17.4,28.7,NA,54.2,NA,NA,31.5,,PSR_2009_Mar_Poll#31,PSR_2009_Mar_Poll#31,PSR_2009_Mar_Poll#31,,Which of the following political parties do you support?,Note: civilian only,Tell us how do you evaluate the performance of the government headed by Salam Fayyad? Is it good or bad? : Very good + good,1270
April,2009,NA,NA,NA,22.2,NA,NA,NA,NA,NA,NA,NA,NA,NA,"labour force survey_ILO standars (quarter2, 2009)",,,,,,,,NA
May,2009,NA,NA,NA,NA,23.9,34.3,15,26.9,NA,NA,NA,NA,31.6,,PSR_2009_May_Poll#32,,PSR_2009_May_Poll#32,,Which of the following political parties do you support?,,Tell us how do you evaluate the performance of the government headed by Salam Fayyad? Is it good or bad? : Very good + good,1270
June,2009,NA,NA,NA,NA,NA,NA,NA,NA,NA,NA,NA,NA,NA,,,,,,,,,NA
July,2009,NA,NA,NA,25.8,NA,NA,NA,NA,NA,NA,NA,NA,NA,"labour force survey_ILO standars (quarter3, 2009)",,,,,,,,NA
August,2009,NA,NA,NA,NA,18.9,33.7,15.8,31.7,NA,NA,NA,NA,37.7,,PSR_2009_Aug_Poll#33,,PSR_2009_Aug_Poll#33,,Which of the following political parties do you support?,,Tell us how do you evaluate the performance of the government headed by Salam Fayyad? Is it good or bad? : Very good + good,1270
September,2009,NA,NA,NA,NA,NA,NA,NA,NA,NA,NA,NA,NA,NA,,,,,,,,,NA
October,2009,NA,NA,NA,24.8,NA,NA,NA,NA,NA,NA,NA,NA,NA,"labour force survey_ILO standars (quarter4, 2009)",,,,,,,,NA
November,2009,NA,NA,NA,NA,NA,NA,NA,NA,NA,NA,NA,NA,NA,,,,,,,,,NA
December,2009,NA,NA,NA,NA,20.8,32.9,17.2,29,NA,43,NA,NA,39.9,,PSR_2009_Dec_Poll#34,PSR_2009_Dec_Poll#34,PSR_2009_Dec_Poll#34,,Which of the following political parties do you support?,Note: civilian only,Tell us how do you evaluate the performance of the government headed by Salam Fayyad? Is it good or bad? : Very good + good,1200
January,2010,NA,NA,NA,22,NA,NA,NA,NA,NA,NA,NA,NA,NA,"labour force survey_ILO standars (quarter1, 2010)",,,,,,,,NA
February,2010,NA,NA,NA,NA,NA,NA,NA,NA,NA,NA,NA,NA,NA,,,,,,,,,NA
March,2010,NA,NA,NA,NA,21.7,30.1,15.7,32.6,NA,47.2,NA,NA,42.1,,PSR_2010_Mar_Poll#35,PSR_2010_Mar_Poll#35,PSR_2010_Mar_Poll#35,,Which of the following political parties do you support?,Note: civilian only,Tell us how do you evaluate the performance of the government headed by Salam Fayyad? Is it good or bad? : Very good + good,1270
April,2010,NA,NA,NA,22.9,NA,NA,NA,NA,NA,NA,NA,NA,NA,"labour force survey_ILO standars (quarter2, 2010)",,,,,,,,NA
May,2010,NA,NA,NA,NA,NA,NA,NA,NA,NA,NA,NA,NA,NA,,,,,,,,,NA
June,2010,NA,NA,NA,NA,18.9,34.6,14.2,32.3,NA,43.8,NA,NA,47.9,,PSR_2010_June_Poll#36,PSR_2010_June_Poll#36,PSR_2010_June_Poll#36,,Which of the following political parties do you support?,Note: civilian only,Tell us how do you evaluate the performance of the government headed by Salam Fayyad? Is it good or bad? : Very good + good,1270
July,2010,NA,NA,NA,26.6,NA,NA,NA,NA,NA,NA,NA,NA,NA,"labour force survey_ILO standars (quarter3, 2010)",,,,,,,,NA
August,2010,NA,NA,NA,NA,NA,NA,NA,NA,NA,NA,NA,NA,NA,,,,,,,,,NA
September,2010,NA,NA,NA,NA,NA,NA,NA,NA,NA,NA,NA,NA,NA,,,,,,,,,NA
October,2010,NA,NA,NA,23.4,18.1,30.5,13.7,37.6,NA,49,NA,50.9,42.7,"labour force survey_ILO standars (quarter4, 2010)",PSR_2010_Oct_Poll#37,PSR_2010_Oct_Poll#37,PSR_2010_Oct_Poll#37,,Which of the following political parties do you support?,Note: civilian and settlers,Tell us how do you evaluate the performance of the government headed by Salam Fayyad? Is it good or bad? : Very good + good,1270
November,2010,NA,NA,NA,NA,NA,NA,NA,NA,NA,NA,NA,NA,,,,,,,,,,NA
December,2010,NA,NA,NA,NA,18.8,31.5,15.8,33.9,NA,48.2,NA,NA,43.1,,PSR_2010_Dec_Poll#38,PSR_2010_Dec_Poll#38,PSR_2010_Dec_Poll#38,,Which of the following political parties do you support?,Note: civilian only,Tell us how do you evaluate the performance of the government headed by Salam Fayyad? Is it good or bad? : Very good + good,1270
January,2011,NA,NA,NA,21.7,NA,NA,NA,NA,NA,NA,NA,NA,NA,"labour force survey_ILO standars (quarter1, 2011)",,,,,,,,NA
February,2011,NA,NA,NA,NA,NA,NA,NA,NA,NA,NA,NA,NA,NA,,,,,,,,,NA
March,2011,NA,NA,NA,NA,16.9,30.7,17.9,34.3,NA,43,NA,31.9,39.1,,PSR_2011_Mar_Poll#39,PSR_2011_Mar_Poll#39,PSR_2011_Mar_Poll#39,,Which of the following political parties do you support?,Note: civilian and settlers,Tell us how do you evaluate the performance of the government headed by Salam Fayyad? Is it good or bad? : Very good + good,1270
April,2011,NA,NA,NA,18.7,NA,NA,NA,NA,NA,NA,NA,NA,NA,"labour force survey_ILO standars (quarter2, 2011)",,,,,,,,NA
May,2011,NA,NA,NA,NA,NA,NA,NA,NA,NA,NA,NA,NA,NA,,,,,,,,,NA
June,2011,NA,NA,NA,NA,18.2,32.9,15,33.9,NA,40.2,NA,NA,43.3,,PSR_2011_June_Poll#40,PSR_2011_June_Poll#40,PSR_2011_June_Poll#40,,Which of the following political parties do you support?,Note: civilian only,Tell us how do you evaluate the performance of the government headed by Salam Fayyad? Is it good or bad? : Very good + good,1200
July,2011,NA,NA,NA,22.4,NA,NA,NA,NA,NA,NA,NA,NA,NA,"labour force survey_ILO standars (quarter3, 2011)",,,,,,,,NA
August,2011,NA,NA,NA,NA,NA,NA,NA,NA,NA,NA,NA,NA,NA,,,,,,,,,NA
September,2011,NA,NA,NA,NA,18.1,34.3,14.9,32.7,NA,41.2,NA,NA,53.3,,PSR_2011_Sep_Poll#41,PSR_2011_Sep_Poll#41,PSR_2011_Sep_Poll#41,,Which of the following political parties do you support?,Note: civilian only,"Tell us how do you evaluate the performance of the government headed by Salam Fayyad in the areas of public services such as those of health, education, and road repairs? Is it good or bad?: very good + good",1200
October,2011,NA,NA,NA,21,NA,NA,NA,NA,NA,NA,NA,NA,NA,"labour force survey_ILO standars (quarter4, 2011)",,,,,,,,NA
November,2011,NA,NA,NA,NA,NA,NA,NA,NA,NA,NA,NA,NA,NA,,,,,,,,,NA
December,2011,NA,NA,NA,NA,19.7,36.3,13.6,30.5,NA,45.7,NA,NA,44.2,,PSR_2011_Dec_Poll#42,PSR_2011_Dec_Poll#42,PSR_2011_Dec_Poll#42,,Which of the following political parties do you support?,Note: civilian only,Tell us how do you evaluate the performance of the government headed by Salam Fayyad? Is it good or bad? : Very good + good,1270
January,2012,NA,NA,NA,23.9,NA,NA,NA,NA,NA,NA,NA,NA,NA,"labour force survey_ILO standars (quarter1, 2012)",,,,,,,,NA
February,2012,NA,NA,NA,NA,NA,NA,NA,NA,NA,NA,NA,NA,NA,,,,,,,,,NA
March,2012,NA,NA,NA,NA,20.3,33.4,14.9,31.4,NA,47.5,NA,NA,34,,PSR_2012_Mar_Poll#43,PSR_2012_Mar_Poll#43,PSR_2012_Mar_Poll#43,,Which of the following political parties do you support?,Note: civilian only,Tell us how do you evaluate the performance of the government headed by Salam Fayyad? Is it good or bad? : Very good + good,1270
April,2012,NA,NA,NA,20.9,NA,NA,NA,NA,NA,NA,NA,NA,NA,"labour force survey_ILO standars (quarter2, 2012)",,,,,,,,NA
May,2012,NA,NA,NA,NA,NA,NA,NA,NA,NA,NA,NA,NA,NA,,,,,,,,,NA
June,2012,NA,NA,NA,NA,18.1,30.9,16.7,34.3,36.7,42,NA,NA,35.7,,PSR_2012_June_Poll#44,PSR_2012_June_Poll#44,PSR_2012_June_Poll#44,,Which of the following political parties do you support?,"Note: 1)civilian
2) Return to the armed intifada and confrontations ",Tell us how do you evaluate the performance of the government headed by Salam Fayyad? Is it good or bad? : Very good + good,1200
July,2012,NA,NA,NA,24.3,NA,NA,NA,NA,NA,NA,NA,NA,NA,"labour force survey_ILO standars (quarter3, 2012)",,,,,,,,NA
August,2012,NA,NA,NA,NA,NA,NA,NA,NA,NA,NA,NA,NA,NA,,,,,,,,,NA
September,2012,NA,NA,NA,NA,16,28.1,16.9,39,39.3,NA,NA,NA,22.3,,PSR_2012_Sep_Poll#45,PSR_2012_Sep_Poll#45,PSR_2012_Sep_Poll#45,,Which of the following political parties do you support?,Return to the armed intifada and confrontations,Tell us how do you evaluate the performance of the government headed by Salam Fayyad? Is it good or bad? : Very good + good,1270
October,2012,NA,NA,NA,22.9,NA,NA,NA,NA,NA,NA,NA,NA,NA,"labour force survey_ILO standars (quarter4, 2012)",,,,,,,,NA
November,2012,NA,NA,NA,NA,NA,NA,NA,NA,NA,NA,NA,NA,NA,,,,,,,,,NA
December,2012,NA,NA,NA,NA,25.5,28.9,14.6,30.9,50.8,50.8,NA,NA,33.9,,PSR_2012_Dec_Poll#46,PSR_2012_Dec_Poll#46,PSR_2012_Dec_Poll#46,,Which of the following political parties do you support?,"Note: 1)civilian
2) Return to the armed intifada and confrontations ",Tell us how do you evaluate the performance of the government headed by Salam Fayyad? Is it good or bad? : Very good + good,1270
January,2013,NA,NA,NA,23.9,NA,NA,NA,NA,NA,NA,NA,NA,NA,"labour force survey_ILO standars (quarter1, 2013)",,,,,,,,NA
February,2013,NA,NA,NA,NA,NA,NA,NA,NA,NA,NA,NA,NA,NA,,,,,,,,,NA
March,2013,NA,NA,NA,NA,18.6,30.8,15.4,35.2,40.4,40,NA,NA,24.6,,PSR_2013_Mar_Poll#47,PSR_2013_Mar_Poll#47,PSR_2013_Mar_Poll#47,,Which of the following political parties do you support?,"Note: 1)civilian
2) Return to the armed intifada and confrontations ",Tell us how do you evaluate the performance of the government headed by Salam Fayyad? Is it good or bad? : Very good + good,1270
April,2013,NA,NA,NA,20.6,NA,NA,NA,NA,NA,NA,NA,NA,NA,"labour force survey_ILO standars (quarter2, 2013)",,,,,,,,NA
May,2013,NA,NA,NA,NA,NA,NA,NA,NA,NA,NA,NA,NA,NA,,,,,,,,,NA
June,2013,NA,NA,NA,NA,21,29.8,14.1,35.1,39.5,46.8,NA,NA,NA,,PSR_2013_June_Poll#48,PSR_2013_June_Poll#48,,,,"Note: 1)civilian
2) Return to the armed intifada and confrontations ",,1270
July,2013,NA,NA,NA,23.7,NA,NA,NA,NA,NA,NA,NA,NA,NA,"labour force survey_ILO standars (quarter3, 2013)",,,,,,,,NA
August,2013,NA,NA,NA,NA,NA,NA,NA,NA,NA,NA,NA,NA,NA,,,,,,,,,NA
September,2013,NA,NA,NA,NA,19.1,28.6,16.2,36.2,35.3,43.4,NA,NA,28.4,,PSR_2013_Sep_Poll#49,PSR_2013_Sep_Poll#49,PSR_2013_Sep_Poll#49,,Which of the following political parties do you support?,"Note: 1)civilian
2) Return to the armed intifada and confrontations ",Tell us how do you evaluate the performance of the government of Rami al Hamdallah in the West Bank? Is it good or bad?: very good + good,1261
October,2013,NA,NA,NA,25.2,NA,NA,NA,NA,NA,NA,NA,NA,NA,"labour force survey_ILO standars (quarter4, 2013)",,,,,,,,NA
November,2013,NA,NA,NA,NA,NA,NA,NA,NA,NA,NA,NA,NA,NA,,,,,,,,,NA
December,2013,NA,NA,NA,NA,19.5,30.1,16.6,33.7,42.1,42.9,NA,NA,38.8,,PSR_2013_Dec_Poll#50,PSR_2013_Dec_Poll#50,PSR_2013_Dec_Poll#50,,Which of the following political parties do you support?,"Note: 1)civilian
2) Return to the armed intifada and confrontations ",Tell us how do you evaluate the performance of the government of Rami al Hamdallah in the West Bank? Is it good or bad?: very good + good,1270
January,2014,NA,NA,NA,26.2,NA,NA,NA,NA,NA,NA,NA,NA,NA,"labour force survey_ILO standars (quarter1, 2014)",,,,,,,,NA
February,2014,NA,NA,NA,NA,NA,NA,NA,NA,NA,NA,NA,NA,NA,,,,,,,,,NA
March,2014,NA,NA,NA,NA,17.7,28.8,16.4,37.2,43.3,39.6,NA,NA,41.3,,PSR_2014_Mar_Poll#51,PSR_2014_Mar_Poll#51,PSR_2014_Mar_Poll#51,,Which of the following political parties do you support?,"Note: 1)civilian
2) Return to the armed intifada and confrontations ",Tell us how do you evaluate the performance of the government of Rami al Hamdallah in the West Bank? Is it good or bad?: very good + good,1200
April,2014,NA,NA,NA,26.2,NA,NA,NA,NA,NA,NA,NA,NA,NA,"labour force survey_ILO standars (quarter2, 2014)",,,,,,,,NA
May,2014,NA,NA,NA,NA,NA,NA,NA,NA,NA,NA,NA,NA,NA,,,,,,,,,NA
June,2014,NA,NA,NA,NA,20.6,31.7,15.4,32.4,40.9,40.5,NA,NA,NA,,PSR_2014_June_Poll#52,PSR_2014_June_Poll#52,,,Which of the following political parties do you support?,"Note: 1)civilian
2) Return to the armed intifada and confrontations ",,1270
July,2014,NA,NA,NA,29,NA,NA,NA,NA,NA,NA,NA,NA,NA,"labour force survey_ILO standars (quarter3, 2014)",,,,,,,,NA
August,2014,NA,NA,NA,NA,35.4,24.6,13.8,26,59.8,63.9,NA,NA,42.5,,PSR_2014_June_Poll#Special,PSR_2014_June_Poll#Special,,,Which of the following political parties do you support?,"Note: 1)civilian
2) Return to the armed intifada and confrontations ","How do you evaluate the performance of the following Palestinian actors during
the Gaza war?(The reconciliation government) : very good + good",1270
September,2014,NA,NA,NA,NA,27.7,26.5,13,32.6,48.6,54.4,NA,NA,35.9,,PSR_2014_Sep_Poll#53,PSR_2014_Sep_Poll#53,PSR_2014_Sep_Poll#53,,Which of the following political parties do you support?,"Note: 1)civilian
2) Return to the armed intifada and confrontations ","Now, about five months after the formation of the reconciliation government, are you
satisfied or dissatisfied with its performance?: Certainly satisfy  + satisfy",1200
October,2014,NA,NA,NA,26.5,NA,NA,NA,NA,NA,NA,NA,NA,NA,"labour force survey_ILO standars (quarter4, 2014)",,,,,,,,NA
November,2014,NA,NA,NA,NA,NA,NA,NA,NA,NA,NA,NA,NA,NA,,,,,,,,,NA
December,2014,NA,NA,NA,NA,NA,NA,NA,NA,NA,NA,NA,NA,NA,,,,,,,,,NA
January,2015,NA,NA,NA,25.6,23.8,25.1,17.4,33.6,55.7,65.2,NA,NA,26.4,"labour force survey_ILO standars (quarter1, 2015)",PSR_2015_Jan_Poll#54,PSR_2015_Jan_Poll#54,PSR_2015_Jan_Poll#54,,Which of the following political parties do you support?,"Note: 1)civilian
2) Return to the armed intifada and confrontations ","Now, about five months after the formation of the reconciliation government, are you
satisfied or dissatisfied with its performance?: Certainly satisfy  + satisfy",1270
February,2015,NA,NA,NA,NA,NA,NA,NA,NA,NA,NA,NA,NA,NA,,,,,,,,,NA
March,2015,NA,NA,NA,NA,NA,NA,NA,NA,NA,NA,NA,NA,NA,,,,,,,,,NA
April,2015,NA,NA,NA,24.8,22.8,29.7,15.7,31.9,48.1,55.2,NA,NA,27.5,"labour force survey_ILO standars (quarter2, 2015)",PSR_2015_Apr_Poll#55,PSR_2015_Apr_Poll#55,PSR_2015_Apr_Poll#55,,Which of the following political parties do you support?,"Note: 1)civilian
2) Return to the armed intifada and confrontations ","Now, about 10 months after the formation of the reconciliation government, are you satisfied or dissatisfied with its performance?: certainly satisfy + satisfy",1262
May,2015,NA,NA,NA,NA,NA,NA,NA,NA,NA,NA,NA,NA,NA,,,,,,,,,NA
June,2015,NA,NA,NA,NA,22.6,28.5,16.7,32.2,48.8,49.9,NA,NA,35.3,,PSR_2015_June_Poll#56,PSR_2015_June_Poll#56,PSR_2015_June_Poll#56,,Which of the following political parties do you support?,"Note: 1)civilian
2) Return to the armed intifada and confrontations ","Now, more than a year after the formation of the reconciliation government, are you satisfied or dissatisfied with its performance?: certainly satisfy + satisfy",1200
July,2015,NA,NA,NA,27.4,NA,NA,NA,NA,NA,NA,NA,NA,NA,"labour force survey_ILO standars (quarter3, 2015)",,,,,,,,NA
August,2015,NA,NA,NA,NA,NA,NA,NA,NA,NA,NA,NA,NA,NA,,,,,,,,,NA
September,2015,NA,NA,NA,NA,NA,NA,NA,NA,NA,NA,NA,NA,NA,,,,,,,,,NA
October,2015,NA,NA,NA,25.8,23.9,25.3,17.9,32.9,56.5,57.2,NA,NA,34.2,"labour force survey_ILO standars (quarter4, 2015)",PSR_2015_Oct_Poll#57,PSR_2015_Oct_Poll#57,PSR_2015_Oct_Poll#57,,Which of the following political parties do you support?,"Note: 1)civilian
2) Return to the armed intifada and confrontations ","Now, more than a year after the formation of the reconciliation government, are you satisfied or dissatisfied with its performance?: certainly satisfy + satisfy",1270
November,2015,NA,NA,NA,NA,NA,NA,NA,NA,NA,NA,NA,NA,NA,,,,,,,,,NA
December,2015,NA,NA,NA,NA,23.2,25.2,15.6,36,60.3,63.5,NA,NA,NA,,PSR_2015_Dec_Poll#58,PSR_2015_Dec_Poll#58,,,Which of the following political parties do you support?,"Note: 1)civilian
2) Return to the armed intifada and confrontations ",,1270
January,2016,NA,NA,NA,26.6,NA,NA,NA,NA,NA,NA,NA,NA,NA,"labour force survey_ILO standars (quarter1, 2016)",,,,,,,,NA
February,2016,NA,NA,NA,NA,NA,NA,NA,NA,NA,NA,NA,NA,NA,,,,,,,,,NA
March,2016,NA,NA,NA,NA,26.3,26.6,14.4,32.6,56.3,60.3,NA,NA,25.7,,PSR_2016_Mar_Poll#59,PSR_2016_Mar_Poll#59,PSR_2016_Mar_Poll#59,,Which of the following political parties do you support?,"Note: 1)civilian
2) Return to the armed intifada and confrontations ","Now, more than a year after the formation of the reconciliation government, are you satisfied or dissatisfied with its performance?: certainly satisfy + satisfy",1270
April,2016,NA,NA,NA,26.9,NA,NA,NA,NA,NA,NA,NA,NA,NA,"labour force survey_ILO standars (quarter2, 2016)",,,,,,,,NA
May,2016,NA,NA,NA,NA,NA,NA,NA,NA,NA,NA,NA,NA,NA,,,,,,,,,NA
June,2016,NA,NA,NA,NA,24.7,28.4,14,32.8,53.8,58.9,NA,NA,27.7,,PSR_2016_June_Poll#60,PSR_2016_June_Poll#60,PSR_2016_June_Poll#60,,Which of the following political parties do you support?,"Note: 1)civilian
2) Return to the armed intifada and confrontations ","Now, more than a year after the formation of the reconciliation government, are you satisfied or dissatisfied with its performance?: certainly satisfy + satisfy",1270
July,2016,NA,NA,NA,28.4,NA,NA,NA,NA,NA,NA,NA,NA,NA,"labour force survey_ILO standars (quarter3, 2016)",,,,,,,,NA
August,2016,NA,NA,NA,NA,NA,NA,NA,NA,NA,NA,NA,NA,NA,,,,,,,,,NA
September,2016,NA,NA,NA,NA,21.9,29.3,13.6,35.1,48,46.3,NA,NA,27.7,,PSR_2016_Sep_Poll#61,PSR_2016_Sep_Poll#61,PSR_2016_Sep_Poll#61,,Which of the following political parties do you support?,"Note: 1)civilian
2) Return to the armed intifada and confrontations ","Now, more than a year after the formation of the reconciliation government, are you satisfied or dissatisfied with its performance?: certainly satisfy + satisfy",1200
October,2016,NA,NA,NA,25.7,NA,NA,NA,NA,NA,NA,NA,NA,NA,"labour force survey_ILO standars (quarter4, 2016)",,,,,,,,NA
November,2016,NA,NA,NA,NA,NA,NA,NA,NA,NA,NA,NA,NA,NA,,,,,,,,,NA
December,2016,NA,NA,NA,NA,21.3,29.2,16.5,32.9,52.9,53.8,NA,NA,27.7,,PSR_2016_Dec_Poll#62,PSR_2016_Dec_Poll#62,PSR_2016_Dec_Poll#62,,Which of the following political parties do you support?,"Note: 1)civilian
2) Return to the armed intifada and confrontations ","Now, more than a year after the formation of the reconciliation government, are you satisfied or dissatisfied with its performance?: certainly satisfy + satisfy",1270
January,2017,NA,NA,NA,27.2,NA,NA,NA,NA,NA,NA,NA,NA,NA,"labour force survey_ILO standars (quarter1, 2017)",,,,,,,,NA
February,2017,NA,NA,NA,NA,NA,NA,NA,NA,NA,NA,NA,NA,NA,,,,,,,,,NA
March,2017,NA,NA,NA,NA,20.7,28,18,33.5,50.7,50.4,NA,NA,25.8,,PSR_2017_Mar_Poll#63,PSR_2017_Mar_Poll#63,PSR_2017_Mar_Poll#63,,Which of the following political parties do you support?,"Note: 1)civilian
2) Return to the armed intifada and confrontations ","Now, more than two years after the formation of the reconciliation government, are you satisfied or dissatisfied with its performance?: certainly satisfy + satisfy",1270
April,2017,NA,NA,NA,29.2,NA,NA,NA,NA,NA,NA,NA,NA,NA,"labour force survey_ILO standars (quarter2, 2017)",,,,,,,,NA
May,2017,NA,NA,NA,NA,NA,NA,NA,NA,NA,NA,NA,NA,NA,,,,,,,,,NA
June,2017,NA,NA,NA,NA,NA,NA,NA,NA,NA,NA,NA,NA,NA,,,,,,,,,NA
July,2017,NA,NA,NA,29.6,18.2,27,17.8,37,38.8,40.4,NA,NA,26.2,"labour force survey_ILO standars (quarter3, 2017)",PSR_2017_July_Poll#64,PSR_2017_July_Poll#64,PSR_2017_July_Poll#64,,Which of the following political parties do you support?,"Note: 1)civilian
2) Return to the armed intifada and confrontations ","Now, more than two years after the formation of the reconciliation government, are you satisfied or dissatisfied with its performance?: certainly satisfy + satisfy",1200
August,2017,NA,NA,NA,NA,NA,NA,NA,NA,NA,NA,NA,NA,NA,,,,,,,,,NA
September,2017,NA,NA,NA,NA,21,25,18,36,45,46,NA,NA,23,,PSR_2017_Sep_Poll#65,PSR_2017_Sep_Poll#65,PSR_2017_Sep_Poll#65,,Which of the following political parties do you support?,"Note: 1)civilian
2) Return to the armed intifada and confrontations ","Now, more than three years after the formation of the reconciliation government, are you satisfied or dissatisfied with its performance?: certainly satisfy + satisfy",1270
October,2017,NA,NA,NA,24.8,NA,NA,NA,NA,NA,NA,NA,NA,NA,"labour force survey_ILO standars (quarter4, 2017)",,,,,,,,NA
November,2017,NA,NA,NA,NA,NA,NA,NA,NA,NA,NA,NA,NA,NA,,,,,,,,,NA
December,2017,NA,NA,NA,NA,20.8,26.4,19.7,33,NA,49.4,NA,NA,37.9,,PSR_2017_Dec_Poll#66,PSR_2017_Dec_Poll#66,PSR_2017_Dec_Poll#66,,Which of the following political parties do you support?,Note: civilian only,"Now, more than three years after the formation of the reconciliation government, are you satisfied or dissatisfied with its performance?: certainly satisfy + satisfy",1270
January,2018,NA,NA,NA,30.2,NA,NA,NA,NA,NA,NA,NA,NA,NA,"labour force survey_ILO standars (quarter1, 2018)",,,,,,,,NA
February,2018,NA,NA,NA,NA,NA,NA,NA,NA,NA,NA,NA,NA,NA,,,,,,,,,NA
March,2018,NA,NA,NA,NA,19.7,24.7,15,37.8,48.3,47.3,NA,NA,25.6,,PSR_2018_Mar_Poll#67,PSR_2018_Mar_Poll#67,PSR_2018_Mar_Poll#67,,Which of the following political parties do you support?,"Note: 1)civilian
2) Return to the armed intifada and confrontations ","Now, more than four years after the formation of the reconciliation government, are you satisfied or dissatisfied with its performance?: certainly satisfy + satisfy",1200
April,2018,NA,NA,NA,32.4,NA,NA,NA,NA,NA,NA,NA,NA,NA,"labour force survey_ILO standars (quarter2, 2018)",,,,,,,,NA
May,2018,NA,NA,NA,NA,NA,NA,NA,NA,NA,NA,NA,NA,NA,,,,,,,,,NA
June,2018,NA,NA,NA,NA,NA,NA,NA,NA,NA,NA,NA,NA,NA,,,,,,,,,NA
July,2018,NA,NA,NA,31.7,NA,NA,NA,NA,43.1,NA,NA,NA,30.1,"labour force survey_ILO standars (quarter3, 2018)",,PSR_2018_July_Poll#68,PSR_2018_July_Poll#68,PSR_2018_July_Poll#68,,Return to the armed intifada and confrontations ,"Now, more than four years after the formation of the reconciliation government, are you satisfied or dissatisfied with its performance?: certainly satisfy + satisfy",2150
August,2018,NA,NA,NA,NA,NA,NA,NA,NA,NA,NA,NA,NA,NA,,,,,,,,,NA
September,2018,NA,NA,NA,NA,19.1,27.4,15.8,37.5,46,37.7,NA,NA,22.1,,PSR_2018_Sep_Poll#69,PSR_2018_Sep_Poll#69,PSR_2018_Sep_Poll#69,,Which of the following political parties do you support?,"Note: 1)civilian
2) Return to the armed intifada and confrontations ","Now, more than four years after the formation of the reconciliation government, are you satisfied or dissatisfied with its performance?: certainly satisfy + satisfy",1270
October,2018,NA,NA,NA,29.1,NA,NA,NA,NA,NA,NA,NA,NA,NA,"labour force survey_ILO standars (quarter4, 2018)",,,,,,,,NA
November,2018,NA,NA,NA,NA,NA,NA,NA,NA,NA,NA,NA,NA,NA,,,,,,,,,NA
December,2018,NA,NA,NA,NA,21.5,25.2,19.1,34.2,54.4,53,NA,NA,23,,PSR_2018_Dec_Poll#70,PSR_2018_Dec_Poll#70,PSR_2018_Dec_Poll#70,,Which of the following political parties do you support?,"Note: 1)civilian
2) Return to the armed intifada and confrontations ",,1270
January,2019,NA,NA,NA,26.8,NA,NA,NA,NA,NA,NA,NA,NA,NA,"labour force survey_ILO standars (quarter1, 2019)",,,,,,,,
February,2019,NA,NA,NA,NA,NA,NA,NA,NA,NA,NA,NA,NA,NA,,,,,,,,,
March,2019,NA,NA,NA,NA,NA,NA,NA,NA,47.3,NA,NA,NA,NA,,,PSR_2019_Mar_Poll#71,,,,Return to the armed intifada and confrontations ,,
April,2019,NA,NA,NA,26,NA,NA,NA,NA,NA,NA,NA,NA,NA,"labour force survey_ILO standars (quarter2, 2019)",,,,,,,,
May,2019,NA,NA,NA,NA,NA,NA,NA,NA,NA,NA,NA,NA,NA,,,,,,,,,
June,2019,NA,NA,NA,NA,21,27.2,16.7,35.1,47.3,42.2,NA,NA,NA,,PSR_2019_June_Poll#72,PSR_2019_June_Poll#72,,,Which of the following political parties do you support?,"Note: 1)civilian
2) Return to the armed intifada and confrontations ",,
July,2019,NA,NA,NA,24.6,NA,NA,NA,NA,NA,NA,NA,NA,NA,"labour force survey_ILO standars (quarter3, 2019)",,,,,,,,
August,2019,NA,NA,NA,NA,NA,NA,NA,NA,NA,NA,NA,NA,NA,,,,,,,,,
September,2019,NA,NA,NA,NA,20.1,27.7,15.6,36.6,49.9,50.4,NA,NA,NA,,PSR_2019_Sep_Poll#73,PSR_2019_Sep_Poll#73,,,Which of the following political parties do you support?,"Note: 1)civilian
2) Return to the armed intifada and confrontations ",,
